A,C,E,G,I,K,M,8
A,C,E,G,I,K,M,8
A,C,E,G,I,K,M,8
A,C,E,G,I,K,M,8
A,C,E,G,I,K,M,8
A,C,E,G,I,K,M,8
A,C,E,G,I,K,M,8
A,C,E,G,I,K,M,8
A,C,E,G,I,K,M,8
A,C,E,G,I,K,M,8
A,C,E,G,I,K,M,8
A,C,E,G,I,K,M,8
A,C,E,G,I,K,M,8
A,C,E,G,I,K,M,8
A,C,E,G,I,K,M,8
A,C,E,G,I,K,M,8
A,C,E,G,I,K,M,8
A,C,E,G,I,K,M,8
A,C,E,G,I,K,M,8
A,C,E,G,I,K,M,8
A,C,E,G,I,K,M,8
A,C,E,G,I,K,M,8
A,C,E,G,I,K,M,8
A,C,E,G,I,K,M,8
A,C,E,G,I,K,M,8
A,C,E,G,I,K,M,8
A,C,E,G,I,K,M,8
A,C,E,G,I,K,M,8
A,C,E,G,I,K,M,8
A,C,E,G,I,K,M,8
A,C,E,G,I,K,M,8
A,C,E,G,I,K,M,8
A,C,E,G,I,K,M,8
A,C,E,G,I,K,M,8
A,C,E,G,I,K,M,8
A,C,E,G,I,K,M,8
A,C,E,G,I,K,M,8
A,C,E,G,I,K,M,8
A,C,E,G,I,K,M,8
A,C,E,G,I,K,M,8
A,C,E,G,I,K,M,8
A,C,E,G,I,K,M,8
A,C,E,G,I,K,M,8
A,C,E,G,I,K,M,8
A,C,E,G,I,K,M,8
A,C,E,G,I,K,M,8
A,C,E,G,I,K,M,8
A,C,E,G,I,K,M,8
A,C,E,G,I,K,M,8
A,C,E,G,I,K,M,8
A,C,E,G,I,K,M,8
A,C,E,G,I,K,M,8
A,C,E,G,I,K,M,8
A,C,E,G,I,K,M,8
A,C,E,G,I,K,M,8
A,C,E,G,I,K,M,8
A,C,E,G,I,K,M,8
A,C,E,G,I,K,M,8
A,C,E,G,I,K,M,8
A,C,E,G,I,K,M,8
A,C,E,G,I,K,M,8
A,C,E,G,I,K,M,8
A,C,E,G,I,K,M,8
A,C,E,G,I,K,M,8
A,C,E,G,I,K,M,8
A,C,E,G,I,K,M,8
A,C,E,G,I,K,M,8
A,C,E,G,I,K,M,8
A,C,E,G,I,K,M,8
A,C,E,G,I,K,M,8
A,C,E,G,I,K,M,8
A,C,E,G,I,K,M,8
A,C,E,G,I,K,M,8
A,C,E,G,I,K,M,8
A,C,E,G,I,K,M,8
A,C,E,G,I,K,M,8
A,C,E,G,I,K,M,8
A,C,E,G,I,K,M,8
A,C,E,G,I,K,M,8
A,C,E,G,I,K,M,8
A,C,E,G,I,K,M,8
A,C,E,G,I,K,M,8
A,C,E,G,I,K,M,8
A,C,E,G,I,K,M,8
A,C,E,G,I,K,M,8
A,C,E,G,I,K,M,8
A,C,E,G,I,K,M,8
A,C,E,G,I,K,M,8
A,C,E,G,I,K,M,8
A,C,E,G,I,K,M,8
A,C,E,G,I,K,M,8
A,C,E,G,I,K,M,8
A,C,E,G,I,K,M,8
A,C,E,G,I,K,M,8
A,C,E,G,I,K,M,8
A,C,E,G,I,K,M,8
A,C,E,G,I,K,M,8
A,C,E,G,I,K,M,8
A,C,E,G,I,K,M,8
