B,C,E,G,J,K,N,4
B,C,E,G,J,K,N,4
B,C,E,G,J,K,N,4
B,C,E,G,J,K,N,4
B,C,E,G,J,K,N,4
B,C,E,G,J,K,N,4
B,C,E,G,J,K,N,4
B,C,E,G,J,K,N,4
B,C,E,G,J,K,N,4
B,C,E,G,J,K,N,4
B,C,E,G,J,K,N,4
B,C,E,G,J,K,N,4
B,C,E,G,J,K,N,4
B,C,E,G,J,K,N,4
B,C,E,G,J,K,N,4
B,C,E,G,J,K,N,4
B,C,E,G,J,K,N,4
B,C,E,G,J,K,N,4
B,C,E,G,J,K,N,4
B,C,E,G,J,K,N,4
B,C,E,G,J,K,N,4
B,C,E,G,J,K,N,4
B,C,E,G,J,K,N,4
B,C,E,G,J,K,N,4
B,C,E,G,J,K,N,4
B,C,E,G,J,K,N,4
B,C,E,G,J,K,N,4
B,C,E,G,J,K,N,4
B,C,E,G,J,K,N,4
B,C,E,G,J,K,N,4
B,C,E,G,J,K,N,4
B,C,E,G,J,K,N,4
B,C,E,G,J,K,N,4
B,C,E,G,J,K,N,4
B,C,E,G,J,K,N,4
B,C,E,G,J,K,N,4
B,C,E,G,J,K,N,4
B,C,E,G,J,K,N,4
B,C,E,G,J,K,N,4
B,C,E,G,J,K,N,4
B,C,E,G,J,K,N,4
B,C,E,G,J,K,N,4
B,C,E,G,J,K,N,4
B,C,E,G,J,K,N,4
B,C,E,G,J,K,N,4
B,C,E,G,J,K,N,4
B,C,E,G,J,K,N,4
B,C,E,G,J,K,N,4
B,C,E,G,J,K,N,4
B,C,E,G,J,K,N,4
B,C,E,G,J,K,N,4
B,C,E,G,J,K,N,4
B,C,E,G,J,K,N,4
B,C,E,G,J,K,N,4
B,C,E,G,J,K,N,4
B,C,E,G,J,K,N,4
B,C,E,G,J,K,N,4
B,C,E,G,J,K,N,4
B,C,E,G,J,K,N,4
B,C,E,G,J,K,N,4
B,C,E,G,J,K,N,4
B,C,E,G,J,K,N,4
B,C,E,G,J,K,N,4
B,C,E,G,J,K,N,4
B,C,E,G,J,K,N,4
B,C,E,G,J,K,N,4
B,C,E,G,J,K,N,4
B,C,E,G,J,K,N,4
B,C,E,G,J,K,N,4
B,C,E,G,J,K,N,4
B,C,E,G,J,K,N,4
B,C,E,G,J,K,N,4
B,C,E,G,J,K,N,4
B,C,E,G,J,K,N,4
B,C,E,G,J,K,N,4
B,C,E,G,J,K,N,4
B,C,E,G,J,K,N,4
B,C,E,G,J,K,N,4
B,C,E,G,J,K,N,4
B,C,E,G,J,K,N,4
B,C,E,G,J,K,N,4
B,C,E,G,J,K,N,4
B,C,E,G,J,K,N,4
B,C,E,G,J,K,N,4
B,C,E,G,J,K,N,4
B,C,E,G,J,K,N,4
B,C,E,G,J,K,N,4
B,C,E,G,J,K,N,4
B,C,E,G,J,K,N,4
B,C,E,G,J,K,N,4
B,C,E,G,J,K,N,4
B,C,E,G,J,K,N,4
B,C,E,G,J,K,N,4
B,C,E,G,J,K,N,4
B,C,E,G,J,K,N,4
B,C,E,G,J,K,N,4
B,C,E,G,J,K,N,4
