A,C,F,G,I,K,M,6
A,C,F,G,I,K,M,6
A,C,F,G,I,K,M,6
A,C,F,G,I,K,M,6
A,C,F,G,I,K,M,6
A,C,F,G,I,K,M,6
A,C,F,G,I,K,M,6
A,C,F,G,I,K,M,6
A,C,F,G,I,K,M,6
A,C,F,G,I,K,M,6
A,C,F,G,I,K,M,6
A,C,F,G,I,K,M,6
A,C,F,G,I,K,M,6
A,C,F,G,I,K,M,6
A,C,F,G,I,K,M,6
A,C,F,G,I,K,M,6
A,C,F,G,I,K,M,6
A,C,F,G,I,K,M,6
A,C,F,G,I,K,M,6
A,C,F,G,I,K,M,6
A,C,F,G,I,K,M,6
A,C,F,G,I,K,M,6
A,C,F,G,I,K,M,6
A,C,F,G,I,K,M,6
A,C,F,G,I,K,M,6
A,C,F,G,I,K,M,6
A,C,F,G,I,K,M,6
A,C,F,G,I,K,M,6
A,C,F,G,I,K,M,6
A,C,F,G,I,K,M,6
A,C,F,G,I,K,M,6
A,C,F,G,I,K,M,6
A,C,F,G,I,K,M,6
A,C,F,G,I,K,M,6
A,C,F,G,I,K,M,6
A,C,F,G,I,K,M,6
A,C,F,G,I,K,M,6
A,C,F,G,I,K,M,6
A,C,F,G,I,K,M,6
A,C,F,G,I,K,M,6
A,C,F,G,I,K,M,6
A,C,F,G,I,K,M,6
A,C,F,G,I,K,M,6
A,C,F,G,I,K,M,6
A,C,F,G,I,K,M,6
A,C,F,G,I,K,M,6
A,C,F,G,I,K,M,6
A,C,F,G,I,K,M,6
A,C,F,G,I,K,M,6
A,C,F,G,I,K,M,6
A,C,F,G,I,K,M,6
A,C,F,G,I,K,M,6
A,C,F,G,I,K,M,6
A,C,F,G,I,K,M,6
A,C,F,G,I,K,M,6
A,C,F,G,I,K,M,6
A,C,F,G,I,K,M,6
A,C,F,G,I,K,M,6
A,C,F,G,I,K,M,6
A,C,F,G,I,K,M,6
A,C,F,G,I,K,M,6
A,C,F,G,I,K,M,6
A,C,F,G,I,K,M,6
A,C,F,G,I,K,M,6
A,C,F,G,I,K,M,6
A,C,F,G,I,K,M,6
A,C,F,G,I,K,M,6
A,C,F,G,I,K,M,6
A,C,F,G,I,K,M,6
A,C,F,G,I,K,M,6
A,C,F,G,I,K,M,6
A,C,F,G,I,K,M,6
A,C,F,G,I,K,M,6
A,C,F,G,I,K,M,6
A,C,F,G,I,K,M,6
A,C,F,G,I,K,M,6
A,C,F,G,I,K,M,6
A,C,F,G,I,K,M,6
A,C,F,G,I,K,M,6
A,C,F,G,I,K,M,6
A,C,F,G,I,K,M,6
A,C,F,G,I,K,M,6
A,C,F,G,I,K,M,6
A,C,F,G,I,K,M,6
A,C,F,G,I,K,M,6
A,C,F,G,I,K,M,6
A,C,F,G,I,K,M,6
A,C,F,G,I,K,M,6
A,C,F,G,I,K,M,6
A,C,F,G,I,K,M,6
A,C,F,G,I,K,M,6
A,C,F,G,I,K,M,6
A,C,F,G,I,K,M,6
A,C,F,G,I,K,M,6
A,C,F,G,I,K,M,6
A,C,F,G,I,K,M,6
A,C,F,G,I,K,M,6
A,C,F,G,I,K,M,6
A,C,F,G,I,K,M,6
A,C,F,G,I,K,M,6
A,C,F,G,I,K,M,6
A,C,F,G,I,K,M,6
